ds,y_p10,y_pred,y_p90,y_actual
2026-01-10 14:00:00,1.02,5.02,9.13,8
2026-01-10 16:00:00,0.84,4.63,7.1,8
2026-01-10 17:00:00,0.83,4.65,8.53,9
2026-01-10 18:00:00,0.69,4.06,6.54,3
2026-01-10 19:00:00,0.83,5.65,8.03,2
2026-01-10 20:00:00,0.73,5.15,6.87,5
2026-01-10 21:00:00,0.61,4.72,5.64,4
2026-01-10 22:00:00,0.64,4.41,5.69,1
2026-01-10 23:00:00,0.45,2.76,4.08,1
2026-01-11 01:00:00,0.49,3.2,3.31,2
2026-01-11 08:00:00,0.89,4.25,11.23,8
2026-01-11 09:00:00,0.92,5.95,10.7,6
2026-01-11 10:00:00,0.99,6.1,10.37,14
2026-01-11 11:00:00,1.14,6.81,12.26,4
2026-01-11 12:00:00,1.16,7.01,11.88,7
2026-01-11 13:00:00,1.04,6.69,10.89,5
2026-01-11 14:00:00,1.17,7.17,11.95,10
2026-01-11 15:00:00,0.84,6.67,9.81,10
2026-01-11 16:00:00,0.86,6.5,10.02,7
2026-01-11 17:00:00,0.86,6.15,11.39,4
2026-01-11 18:00:00,0.71,6.45,8.7,8
2026-01-11 19:00:00,0.84,8.61,10.68,9
2026-01-11 20:00:00,0.72,7.2,8.94,5
2026-01-11 21:00:00,0.6,6.38,7.41,13
2026-01-11 22:00:00,0.65,6.97,7.83,6
2026-01-11 23:00:00,0.48,4.21,5.57,5
2026-01-12 00:00:00,0.39,2.98,2.98,1
2026-01-12 01:00:00,0.47,3.52,3.52,2
2026-01-12 04:00:00,0.27,2.03,2.26,1
2026-01-12 05:00:00,0.24,1.81,2.1,3
2026-01-12 06:00:00,0.7,3.83,4.93,14
2026-01-12 07:00:00,4.94,24.24,28.22,30
2026-01-12 08:00:00,18.09,60.51,69.37,92
2026-01-12 09:00:00,45.54,92.84,111.71,104
2026-01-12 10:00:00,56.29,99.8,112.83,152
2026-01-12 11:00:00,64.06,105.26,120.97,148
2026-01-12 12:00:00,60.36,95.73,121.65,161
2026-01-12 13:00:00,50.98,87.3,104.89,180
2026-01-12 14:00:00,54.82,86.17,109.26,156
2026-01-12 15:00:00,42.18,62.02,80.89,111
2026-01-12 16:00:00,25.6,40.06,60.67,84
2026-01-12 17:00:00,9.67,22.56,37.47,33
2026-01-12 18:00:00,4.47,13.31,19.5,38
2026-01-12 19:00:00,2.78,15.71,19.05,35
2026-01-12 20:00:00,1.65,9.1,12.77,16
2026-01-12 21:00:00,0.99,7.96,10.35,9
2026-01-12 22:00:00,1.08,7.92,9.15,8
2026-01-12 23:00:00,0.43,4.46,6.22,5
2026-01-13 05:00:00,0.24,1.53,2.1,3
2026-01-13 06:00:00,0.92,4.05,5.17,4
2026-01-13 07:00:00,7.4,21.56,28.22,47
2026-01-13 08:00:00,16.47,53.4,62.45,79
2026-01-13 09:00:00,40.87,75.42,93.95,108
2026-01-13 10:00:00,54.13,78.86,93.99,144
2026-01-13 11:00:00,57.65,87.72,101.04,115
2026-01-13 12:00:00,56.38,83.28,104.33,146
2026-01-13 13:00:00,49.4,74.89,89.77,106
2026-01-13 14:00:00,47.94,76.64,93.76,145
2026-01-13 15:00:00,38.21,54.93,70.07,101
2026-01-13 16:00:00,21.32,32.42,57.78,73
2026-01-13 17:00:00,7.87,20.03,32.14,32
2026-01-13 18:00:00,4.39,12.89,16.12,42
2026-01-13 19:00:00,1.9,14.58,17.02,44
2026-01-13 20:00:00,1.58,9.06,11.86,7
2026-01-13 21:00:00,0.96,7.46,9.2,20
2026-01-13 22:00:00,1.03,6.89,8.53,6
2026-01-13 23:00:00,0.51,3.86,5.53,3
2026-01-14 00:00:00,0.39,2.36,2.4,3
2026-01-14 05:00:00,0.24,1.94,1.94,10
2026-01-14 06:00:00,0.88,3.09,4.44,2
2026-01-14 07:00:00,6.8,23.47,27.92,33
2026-01-14 08:00:00,19.0,47.8,64.51,46
2026-01-14 09:00:00,37.31,55.4,82.29,117
2026-01-14 10:00:00,38.91,64.82,89.47,125
2026-01-14 11:00:00,49.12,74.17,97.04,91
2026-01-14 12:00:00,53.03,72.0,96.88,96
2026-01-14 13:00:00,45.86,66.26,87.07,96
2026-01-14 14:00:00,45.75,67.7,89.44,86
2026-01-14 15:00:00,36.21,45.64,67.32,68
2026-01-14 16:00:00,18.06,31.81,48.99,60
2026-01-14 17:00:00,7.45,17.93,30.61,28
2026-01-14 18:00:00,3.22,11.69,14.5,22
2026-01-14 19:00:00,1.82,11.22,15.32,33
2026-01-14 20:00:00,1.32,7.93,10.97,12
2026-01-14 21:00:00,0.87,6.12,7.46,13
2026-01-14 22:00:00,0.94,6.05,7.91,10
2026-01-14 23:00:00,0.5,3.56,5.32,12
2026-01-15 00:00:00,0.39,2.31,2.4,6
2026-01-15 01:00:00,0.5,2.87,3.05,12
2026-01-15 03:00:00,0.56,3.48,4.09,1
2026-01-15 04:00:00,0.29,1.63,1.98,4
2026-01-15 05:00:00,0.24,1.43,1.91,3
2026-01-15 06:00:00,0.86,3.28,4.39,7
2026-01-15 07:00:00,6.44,21.94,27.23,36
2026-01-15 08:00:00,16.1,48.65,60.76,70
2026-01-15 09:00:00,36.96,58.51,85.6,62
2026-01-15 10:00:00,41.36,61.89,91.39,102
2026-01-15 11:00:00,45.96,69.97,98.41,114
2026-01-15 12:00:00,50.93,70.28,95.37,134
2026-01-15 13:00:00,44.29,58.17,83.73,130
2026-01-15 14:00:00,33.4,60.92,88.0,110
2026-01-15 15:00:00,28.66,43.09,66.64,79
2026-01-15 16:00:00,17.93,26.4,48.68,63
2026-01-15 17:00:00,6.86,18.1,28.92,58
2026-01-15 18:00:00,3.12,9.82,13.78,15
2026-01-15 19:00:00,1.51,9.44,13.93,21
2026-01-15 20:00:00,1.05,7.35,10.13,10
2026-01-15 21:00:00,0.76,6.11,7.4,1
2026-01-15 22:00:00,0.84,5.52,7.41,5
2026-01-15 23:00:00,0.48,3.49,4.86,4
2026-01-16 00:00:00,0.38,2.29,2.38,2
2026-01-16 01:00:00,0.48,2.99,3.02,1
2026-01-16 02:00:00,0.25,1.83,1.83,1
2026-01-16 03:00:00,0.55,3.68,4.06,5
2026-01-16 05:00:00,0.23,1.39,1.9,3
2026-01-16 06:00:00,0.54,3.1,4.29,5
2026-01-16 07:00:00,3.4,17.59,24.13,9
2026-01-16 08:00:00,10.77,40.54,50.64,56
2026-01-16 09:00:00,27.79,55.24,75.84,92
2026-01-16 10:00:00,36.45,59.38,84.59,83
2026-01-16 11:00:00,42.86,62.92,90.63,98
2026-01-16 12:00:00,40.56,58.61,89.67,84
2026-01-16 13:00:00,31.07,53.13,79.64,98
2026-01-16 14:00:00,30.7,56.99,82.91,76
2026-01-16 15:00:00,25.65,37.75,63.51,55
2026-01-16 16:00:00,13.51,23.99,42.41,42
2026-01-16 17:00:00,4.91,17.76,25.79,18
2026-01-16 18:00:00,2.84,10.18,13.39,4
2026-01-16 19:00:00,1.37,10.23,13.91,8
2026-01-16 20:00:00,1.06,7.81,9.94,2
2026-01-16 21:00:00,0.75,6.17,7.19,4
2026-01-16 22:00:00,0.79,6.07,7.22,1
2026-01-16 23:00:00,0.5,3.89,5.11,2
2026-01-17 06:00:00,0.44,3.32,4.08,3
2026-01-17 08:00:00,0.88,4.28,9.19,2
2026-01-17 09:00:00,0.91,5.75,8.59,1
2026-01-17 11:00:00,1.06,7.83,10.09,6
2026-01-17 12:00:00,1.02,8.29,10.17,1
2026-01-17 13:00:00,0.97,7.9,9.43,1
2026-01-17 14:00:00,1.2,8.42,10.12,6
2026-01-17 15:00:00,0.95,8.19,8.68,2
2026-01-17 16:00:00,0.89,8.46,8.8,1
2026-01-17 17:00:00,0.9,9.05,10.34,5
2026-01-17 18:00:00,0.74,7.45,9.42,19
2026-01-17 19:00:00,0.94,8.09,9.81,1
2026-01-17 20:00:00,0.82,6.99,7.59,2
2026-01-17 22:00:00,0.67,5.44,6.05,2
2026-01-17 23:00:00,0.48,3.21,4.22,2
2026-01-18 09:00:00,0.89,6.71,10.34,2
2026-01-18 10:00:00,0.96,7.23,11.03,3
2026-01-18 11:00:00,1.07,8.5,12.0,3
2026-01-18 12:00:00,1.19,8.83,12.38,6
2026-01-18 13:00:00,1.16,8.1,10.94,43
2026-01-18 14:00:00,1.27,10.2,12.31,3
2026-01-18 15:00:00,1.0,8.78,11.48,1
2026-01-18 16:00:00,0.98,9.44,10.21,9
2026-01-18 17:00:00,0.98,8.79,12.73,3
2026-01-18 18:00:00,0.8,7.26,9.36,4
2026-01-18 19:00:00,0.96,8.44,11.28,2
2026-01-18 20:00:00,0.82,7.1,8.47,5
2026-01-18 21:00:00,0.63,5.69,6.96,5
2026-01-19 07:00:00,5.22,24.31,26.63,12
2026-01-19 08:00:00,18.38,61.06,65.48,15
2026-01-19 09:00:00,46.01,76.2,102.22,15
2026-01-19 10:00:00,53.1,80.09,95.02,20
2026-01-19 11:00:00,57.37,86.69,98.2,42
2026-01-19 12:00:00,55.3,83.71,104.4,24
2026-01-19 13:00:00,48.62,71.35,87.47,23
2026-01-19 14:00:00,47.36,75.59,90.11,17
2026-01-19 15:00:00,37.63,50.4,68.01,23
2026-01-19 16:00:00,17.46,33.23,52.4,2
2026-01-19 17:00:00,8.26,19.3,31.01,19
2026-01-19 18:00:00,3.21,11.71,14.9,17
2026-01-19 19:00:00,1.78,13.43,16.17,40
2026-01-19 20:00:00,1.53,8.88,11.28,26
2026-01-19 21:00:00,0.93,6.93,8.03,6
2026-01-19 22:00:00,1.02,6.46,8.1,12
2026-01-19 23:00:00,0.5,3.99,5.57,1
2026-01-20 00:00:00,0.39,2.31,2.43,9
2026-01-20 01:00:00,0.49,2.89,3.09,2
2026-01-20 02:00:00,0.26,2.17,2.17,1
2026-01-20 05:00:00,0.24,1.44,1.93,9
2026-01-20 06:00:00,0.88,3.62,4.43,6
2026-01-20 07:00:00,6.8,23.19,27.58,30
2026-01-20 08:00:00,19.0,56.11,64.33,69
2026-01-20 09:00:00,42.79,66.44,94.15,125
2026-01-20 10:00:00,52.67,65.56,90.83,105
2026-01-20 11:00:00,50.86,72.87,97.51,144
2026-01-20 12:00:00,52.66,70.74,95.72,205
2026-01-20 13:00:00,44.6,62.13,84.51,189
2026-01-20 14:00:00,37.87,67.88,89.02,111
2026-01-20 15:00:00,36.24,49.62,67.52,103
2026-01-20 16:00:00,18.07,30.71,52.1,69
2026-01-20 17:00:00,7.54,18.19,30.81,35
2026-01-20 18:00:00,3.27,13.19,14.77,25
2026-01-20 19:00:00,2.12,12.88,15.74,22
2026-01-20 20:00:00,1.36,9.51,11.15,11
2026-01-20 21:00:00,0.96,7.45,8.64,6
2026-01-20 22:00:00,1.03,7.22,8.42,4
2026-01-20 23:00:00,0.51,4.47,5.5,5
2026-01-21 00:00:00,0.4,2.59,2.59,12
2026-01-21 01:00:00,0.52,3.13,3.13,8
2026-01-21 05:00:00,0.24,1.92,1.92,3
2026-01-21 06:00:00,0.88,3.58,4.43,13
2026-01-21 07:00:00,6.78,25.47,28.26,45
2026-01-21 08:00:00,20.14,48.68,68.67,86
2026-01-21 09:00:00,37.31,54.99,85.15,128
2026-01-21 10:00:00,38.37,61.34,89.57,108
2026-01-21 11:00:00,46.33,72.75,97.17,134
2026-01-21 12:00:00,52.69,72.52,96.29,131
2026-01-21 13:00:00,45.79,63.7,85.86,135
2026-01-21 14:00:00,40.13,67.15,89.31,125
2026-01-21 15:00:00,35.66,46.59,67.28,114
2026-01-21 16:00:00,17.66,31.88,50.62,69
2026-01-21 17:00:00,7.51,18.39,31.37,42
2026-01-21 18:00:00,3.19,12.16,15.2,13
2026-01-21 19:00:00,1.87,12.39,15.81,18
2026-01-21 20:00:00,1.35,8.94,10.95,7
2026-01-21 21:00:00,0.96,6.72,7.61,9
2026-01-21 22:00:00,0.96,6.68,7.89,10
2026-01-21 23:00:00,0.52,3.94,5.35,7
