id,ds,y_p10,y_pred,y_p90,y_actual,hour,residual
107,2026-03-16T01:00:00.000,0,0,0,3,1,-3
106,2026-03-16T00:00:00.000,0,0,0,3,0,-3
105,2026-03-15T23:00:00.000,0,0.74,10.47,1,23,-0.26
104,2026-03-15T22:00:00.000,0,6.51,17.66,5,22,1.5099999999999998
103,2026-03-15T21:00:00.000,0,4.16,15.4,16,21,-11.84
102,2026-03-15T20:00:00.000,0,3.82,13.13,13,20,-9.18
101,2026-03-15T19:00:00.000,0,3.39,14.15,12,19,-8.61
100,2026-03-15T18:00:00.000,0,5.62,18.33,8,18,-2.38
99,2026-03-15T17:00:00.000,0,10.96,25.27,8,17,2.960000000000001
98,2026-03-15T16:00:00.000,0,8.88,37.56,11,16,-2.119999999999999
97,2026-03-15T15:00:00.000,0,19.81,57.76,5,15,14.81
96,2026-03-15T14:00:00.000,0,30.55,72.79,4,14,26.55
95,2026-03-15T13:00:00.000,0,32.23,73.79,1,13,31.23
94,2026-03-15T12:00:00.000,0,32.94,73.66,2,12,30.94
93,2026-03-15T11:00:00.000,0,37.18,76.46,8,11,29.18
92,2026-03-15T09:00:00.000,0,33.22,75.73,1,9,32.22
91,2026-03-15T08:00:00.000,0,22.04,48.92,1,8,21.04
90,2026-03-15T02:00:00.000,0,0,0,1,2,-1
89,2026-03-14T23:00:00.000,0,1.86,11.29,1,23,0.8600000000000001
88,2026-03-14T22:00:00.000,0,2.84,12.02,4,22,-1.16
87,2026-03-14T21:00:00.000,0,3.4,12.84,7,21,-3.6
86,2026-03-14T20:00:00.000,0,1.43,9.49,3,20,-1.57
85,2026-03-14T19:00:00.000,0,3.46,11.75,2,19,1.46
84,2026-03-14T18:00:00.000,0,4.43,13.99,5,18,-0.5700000000000003
83,2026-03-14T17:00:00.000,0,6.58,22.92,3,17,3.58
82,2026-03-14T16:00:00.000,0,21.69,59.7,3,16,18.69
81,2026-03-14T15:00:00.000,18.26,52.65,87.04,10,15,42.65
80,2026-03-14T14:00:00.000,23.65,67.92,112.19,8,14,59.92
79,2026-03-14T13:00:00.000,12.41,69.47,126.54,11,13,58.47
78,2026-03-14T12:00:00.000,10.96,66.43,121.9,2,12,64.43
77,2026-03-14T11:00:00.000,0.05,68.38,136.71,7,11,61.38
76,2026-03-14T10:00:00.000,0,55.18,112.16,7,10,48.18
75,2026-03-14T08:00:00.000,2.7,34.26,65.82,2,8,32.26
74,2026-03-14T07:00:00.000,0,9.89,23.95,2,7,7.890000000000001
73,2026-03-14T05:00:00.000,0,0,0,1,5,-1
72,2026-03-13T22:00:00.000,0,4,15.16,8,22,-4
71,2026-03-13T21:00:00.000,0,6.04,16.49,10,21,-3.96
70,2026-03-13T20:00:00.000,0,4.8,14.73,9,20,-4.2
69,2026-03-13T19:00:00.000,0,7.8,20.22,17,19,-9.2
68,2026-03-13T18:00:00.000,0,5.97,18.67,19,18,-13.03
67,2026-03-13T17:00:00.000,0,19.79,48.64,31,17,-11.21
66,2026-03-13T16:00:00.000,15.57,49.35,83.13,39,16,10.35
65,2026-03-13T15:00:00.000,49.69,83.98,118.27,78,15,5.980000000000004
64,2026-03-13T14:00:00.000,59.23,95.72,132.2,108,14,-12.28
63,2026-03-13T13:00:00.000,64.79,103.44,142.1,92,13,11.439999999999998
62,2026-03-13T12:00:00.000,58.99,96.51,134.03,117,12,-20.489999999999995
61,2026-03-13T11:00:00.000,63.96,99.92,135.88,135,11,-35.08
60,2026-03-13T10:00:00.000,62.09,100.96,139.82,70,10,30.959999999999997
59,2026-03-13T09:00:00.000,54.5,92.66,130.83,94,9,-1.3400000000000034
58,2026-03-13T08:00:00.000,17.98,62.04,106.1,43,8,19.04
57,2026-03-13T07:00:00.000,10.59,28.77,46.94,7,7,21.77
56,2026-03-13T06:00:00.000,0,0,4.38,4,6,-4
55,2026-03-13T01:00:00.000,0,0,0,1,1,-1
54,2026-03-13T00:00:00.000,0,0,0,1,0,-1
53,2026-03-12T23:00:00.000,0,4.11,15.14,3,23,1.1100000000000003
52,2026-03-12T22:00:00.000,0,6.48,18.41,2,22,4.48
51,2026-03-12T21:00:00.000,0,7.26,17.96,9,21,-1.7400000000000002
50,2026-03-12T20:00:00.000,0,6.16,18.42,8,20,-1.84
49,2026-03-12T19:00:00.000,0,9.73,24.83,25,19,-15.27
48,2026-03-12T18:00:00.000,0,13.31,32.76,36,18,-22.69
47,2026-03-12T17:00:00.000,0,25.14,55.72,61,17,-35.86
46,2026-03-12T16:00:00.000,13.06,54.44,95.81,90,16,-35.56
45,2026-03-12T15:00:00.000,53.75,86,118.26,125,15,-39
44,2026-03-12T14:00:00.000,60.26,95.88,131.5,117,14,-21.120000000000005
43,2026-03-12T13:00:00.000,63.71,104.23,144.76,134,13,-29.77
42,2026-03-12T12:00:00.000,58.43,97.09,135.75,105,12,-7.909999999999997
41,2026-03-12T11:00:00.000,63.03,100.82,138.62,79,11,21.819999999999997
40,2026-03-12T10:00:00.000,60.76,101.38,142,104,10,-2.6200000000000045
39,2026-03-12T09:00:00.000,54.78,93.14,131.51,86,9,7.140000000000001
38,2026-03-12T08:00:00.000,30.74,70.21,109.67,78,8,-7.790000000000006
37,2026-03-12T07:00:00.000,17.63,35.88,54.14,36,7,-0.1199999999999974
36,2026-03-12T06:00:00.000,0,0,4.94,10,6,-10
35,2026-03-12T05:00:00.000,0,0,0.02,1,5,-1
34,2026-03-12T03:00:00.000,0,0,0,1,3,-1
33,2026-03-12T01:00:00.000,0,0,0,1,1,-1
32,2026-03-11T23:00:00.000,0,4.54,14.58,7,23,-2.46
31,2026-03-11T22:00:00.000,0,7.21,20.99,9,22,-1.79
30,2026-03-11T21:00:00.000,2.5,12.72,22.94,10,21,2.7200000000000006
29,2026-03-11T20:00:00.000,0,6.73,18.1,7,20,-0.2699999999999996
28,2026-03-11T19:00:00.000,0,10.82,24.84,11,19,-0.1799999999999997
27,2026-03-11T18:00:00.000,0,11.48,27.26,11,18,0.4800000000000004
26,2026-03-11T17:00:00.000,0,23.76,51.14,41,17,-17.24
25,2026-03-11T16:00:00.000,22.48,51.21,79.95,76,16,-24.79
24,2026-03-11T15:00:00.000,49.53,83.47,117.41,88,15,-4.530000000000001
23,2026-03-11T14:00:00.000,57.9,94.36,130.83,109,14,-14.64
22,2026-03-11T13:00:00.000,60.31,100.91,141.52,100,13,0.9099999999999966
21,2026-03-11T12:00:00.000,55.59,94.89,134.19,105,12,-10.11
20,2026-03-11T11:00:00.000,62.03,100.83,139.63,106,11,-5.170000000000002
19,2026-03-11T10:00:00.000,60.58,101.03,141.48,154,10,-52.97
18,2026-03-11T09:00:00.000,54.36,97.24,140.12,112,9,-14.760000000000003
17,2026-03-11T08:00:00.000,36.51,77.51,118.51,74,8,3.510000000000005
16,2026-03-11T07:00:00.000,20.19,38.14,56.09,32,7,6.140000000000001
15,2026-03-11T06:00:00.000,0,0,3.83,11,6,-11
14,2026-03-11T05:00:00.000,0,0,0,1,5,-1
13,2026-03-11T00:00:00.000,0,0,0,1,0,-1
12,2026-03-10T23:00:00.000,0,5.15,11.12,3,23,2.1500000000000004
11,2026-03-10T22:00:00.000,0,2.16,12.89,10,22,-7.84
10,2026-03-10T21:00:00.000,11.91,20.47,29.03,8,21,12.47
9,2026-03-10T20:00:00.000,0.18,8.01,15.83,7,20,1.0099999999999998
8,2026-03-10T19:00:00.000,0,8.53,19.17,17,19,-8.47
7,2026-03-10T18:00:00.000,3.8,17.45,31.09,20,18,-2.5500000000000007
6,2026-03-10T17:00:00.000,6.78,27.25,47.72,29,17,-1.75
5,2026-03-10T16:00:00.000,30.56,53.45,76.33,68,16,-14.549999999999995
4,2026-03-10T15:00:00.000,50.63,84.95,119.27,103,15,-18.05
3,2026-03-10T14:00:00.000,56.94,93.97,131.01,109,14,-15.03
2,2026-03-10T13:00:00.000,60.33,103.84,147.36,95,13,8.840000000000003
1,2026-03-10T12:00:00.000,54.81,98.84,142.87,167,12,-68.16
0,2026-03-10T11:00:00.000,56.66,105.19,153.71,154,11,-48.81
