ds,y_p10,y_pred,y_p90,y_actual,hour,residual
2026-02-10 12:00:00,53.9,101.81,149.72,130,12,-28.189999999999998
2026-02-10 13:00:00,57.92,107.62,157.32,164,13,-56.379999999999995
2026-02-10 14:00:00,58.12,99.56,140.99,161,14,-61.44
2026-02-10 15:00:00,52.51,87.4,122.28,136,15,-48.599999999999994
2026-02-10 16:00:00,31.35,60.26,89.17,54,16,6.259999999999998
2026-02-10 17:00:00,21.46,42.2,62.93,31,17,11.200000000000003
2026-02-10 18:00:00,11.56,26.37,41.17,33,18,-6.629999999999999
2026-02-10 19:00:00,7.97,22.73,37.48,25,19,-2.2699999999999996
2026-02-10 20:00:00,2.51,14.34,26.17,6,20,8.34
2026-02-10 21:00:00,7.8,16.42,25.04,7,21,9.420000000000002
2026-02-10 22:00:00,3.64,12.9,22.17,5,22,7.9
2026-02-10 23:00:00,4.31,12.89,21.47,8,23,4.890000000000001
2026-02-11 00:00:00,0.3,5.76,11.21,2,0,3.76
2026-02-11 05:00:00,0.0,3.01,6.55,1,5,2.01
2026-02-11 06:00:00,2.91,7.14,11.37,6,6,1.1399999999999997
2026-02-11 07:00:00,28.7,45.92,63.14,71,7,-25.08
2026-02-11 08:00:00,34.02,81.54,129.05,103,8,-21.459999999999994
2026-02-11 09:00:00,55.59,99.81,144.03,97,9,2.8100000000000023
2026-02-11 10:00:00,63.13,107.43,151.73,112,10,-4.569999999999993
2026-02-11 11:00:00,60.86,103.52,146.18,105,11,-1.480000000000004
2026-02-11 12:00:00,59.42,102.09,144.76,115,12,-12.909999999999997
2026-02-11 13:00:00,66.66,105.15,143.64,148,13,-42.849999999999994
2026-02-11 14:00:00,60.62,97.81,135.0,147,14,-49.19
2026-02-11 15:00:00,54.21,87.99,121.77,99,15,-11.010000000000005
2026-02-11 16:00:00,21.27,58.38,95.5,62,16,-3.6199999999999974
2026-02-11 17:00:00,13.53,41.65,69.77,47,17,-5.350000000000001
2026-02-11 18:00:00,6.48,25.68,44.88,32,18,-6.32
2026-02-11 19:00:00,2.58,22.43,42.28,11,19,11.43
2026-02-11 20:00:00,0.0,13.7,30.21,11,20,2.6999999999999993
2026-02-11 21:00:00,5.55,17.52,29.48,7,21,10.52
2026-02-11 22:00:00,0.0,9.32,22.15,5,22,4.32
2026-02-11 23:00:00,1.5,12.59,23.68,5,23,7.59
2026-02-12 02:00:00,0.0,1.92,4.47,6,2,-4.08
2026-02-12 03:00:00,0.0,2.43,7.11,1,3,1.4300000000000002
2026-02-12 04:00:00,0.0,2.1,5.88,5,4,-2.9
2026-02-12 06:00:00,0.86,6.38,11.89,5,6,1.38
2026-02-12 07:00:00,23.97,45.92,67.87,30,7,15.920000000000002
2026-02-12 08:00:00,37.31,80.6,123.89,58,8,22.599999999999994
2026-02-12 09:00:00,56.32,94.96,133.6,92,9,2.9599999999999937
2026-02-12 10:00:00,63.05,101.89,140.73,89,10,12.89
2026-02-12 11:00:00,63.7,102.31,140.92,91,11,11.310000000000002
2026-02-12 12:00:00,60.75,99.21,137.66,119,12,-19.790000000000006
2026-02-12 13:00:00,64.73,104.51,144.28,109,13,-4.489999999999995
2026-02-12 14:00:00,62.64,99.38,136.12,111,14,-11.620000000000005
2026-02-12 15:00:00,53.53,87.35,121.17,91,15,-3.6500000000000057
2026-02-12 16:00:00,19.78,62.67,105.56,55,16,7.670000000000002
2026-02-12 17:00:00,12.0,43.11,74.22,24,17,19.11
2026-02-12 18:00:00,1.79,24.78,47.78,19,18,5.780000000000001
2026-02-12 19:00:00,0.15,20.68,41.21,10,19,10.68
2026-02-12 20:00:00,0.0,11.94,27.68,16,20,-4.0600000000000005
2026-02-12 21:00:00,4.14,17.54,30.94,6,21,11.54
2026-02-12 22:00:00,0.0,9.6,23.81,12,22,-2.4000000000000004
2026-02-12 23:00:00,0.0,12.11,24.73,5,23,7.109999999999999
2026-02-13 00:00:00,0.0,4.59,12.54,2,0,2.59
2026-02-13 05:00:00,0.0,2.49,7.03,2,5,0.4900000000000002
2026-02-13 06:00:00,1.21,6.68,12.16,3,6,3.6799999999999997
2026-02-13 07:00:00,18.77,36.57,54.37,14,7,22.57
2026-02-13 08:00:00,39.42,77.68,115.95,72,8,5.680000000000007
2026-02-13 09:00:00,58.1,97.06,136.02,58,9,39.06
2026-02-13 10:00:00,62.67,103.47,144.27,71,10,32.47
2026-02-13 11:00:00,63.36,104.06,144.77,98,11,6.060000000000002
2026-02-13 12:00:00,61.66,102.71,143.76,128,12,-25.290000000000006
2026-02-13 13:00:00,65.18,106.13,147.08,129,13,-22.870000000000005
2026-02-13 14:00:00,59.43,99.28,139.14,55,14,44.28
2026-02-13 15:00:00,53.38,87.75,122.12,47,15,40.75
2026-02-13 16:00:00,17.32,59.4,101.48,28,16,31.4
2026-02-13 17:00:00,8.47,39.85,71.23,13,17,26.85
2026-02-13 18:00:00,0.0,20.84,42.29,6,18,14.84
2026-02-13 19:00:00,0.0,17.24,36.26,6,19,11.239999999999998
2026-02-13 20:00:00,0.0,10.47,25.78,8,20,2.4700000000000006
2026-02-13 21:00:00,3.78,16.72,29.66,1,21,15.719999999999999
2026-02-13 22:00:00,0.0,9.34,24.17,3,22,6.34
2026-02-13 23:00:00,0.0,12.23,24.7,6,23,6.23
2026-02-14 00:00:00,0.0,4.06,11.99,3,0,1.0599999999999996
2026-02-14 08:00:00,4.18,49.11,94.04,2,8,47.11
2026-02-14 11:00:00,21.97,81.51,141.06,6,11,75.51
2026-02-14 12:00:00,17.34,78.34,139.35,4,12,74.34
2026-02-14 13:00:00,22.12,80.76,139.39,10,13,70.76
2026-02-14 14:00:00,25.06,78.04,131.02,3,14,75.04
2026-02-14 15:00:00,24.47,57.76,91.04,1,15,56.76
2026-02-14 16:00:00,0.0,31.68,70.85,12,16,19.68
2026-02-14 17:00:00,0.0,17.53,38.42,2,17,15.530000000000001
2026-02-14 18:00:00,0.0,13.95,27.9,3,18,10.95
2026-02-14 19:00:00,2.37,15.17,27.97,7,19,8.17
2026-02-14 20:00:00,0.04,11.14,22.24,1,20,10.14
2026-02-14 21:00:00,1.97,12.93,23.89,3,21,9.93
2026-02-14 23:00:00,0.0,9.78,21.24,1,23,8.78
2026-02-15 00:00:00,0.0,2.64,9.31,1,0,1.6400000000000001
2026-02-15 05:00:00,0.0,1.44,5.64,2,5,-0.56
2026-02-15 06:00:00,0.0,3.1,8.22,2,6,1.1
2026-02-15 07:00:00,0.63,18.35,36.07,3,7,15.350000000000001
2026-02-15 08:00:00,0.0,36.55,77.22,1,8,35.55
2026-02-15 10:00:00,0.0,65.72,136.49,3,10,62.72
2026-02-15 12:00:00,14.99,80.55,146.1,3,12,77.55
2026-02-15 13:00:00,15.18,80.87,146.57,4,13,76.87
2026-02-15 14:00:00,20.29,77.64,134.98,4,14,73.64
2026-02-15 15:00:00,23.05,60.7,98.34,10,15,50.7
2026-02-15 16:00:00,0.0,32.25,70.74,4,16,28.25
2026-02-15 18:00:00,0.0,12.02,31.94,2,18,10.02
2026-02-15 19:00:00,1.55,17.33,33.1,2,19,15.329999999999998
2026-02-15 20:00:00,0.0,8.53,22.95,7,20,1.5299999999999994
2026-02-15 21:00:00,1.43,12.79,24.15,3,21,9.79
2026-02-15 22:00:00,0.0,10.17,23.02,2,22,8.17
2026-02-15 23:00:00,0.0,8.61,20.74,2,23,6.609999999999999
2026-02-16 00:00:00,0.0,3.51,8.91,2,0,1.5099999999999998
2026-02-16 06:00:00,0.0,5.24,10.57,4,6,1.2400000000000002
2026-02-16 07:00:00,12.44,32.19,51.95,14,7,18.189999999999998
2026-02-16 08:00:00,38.79,80.35,121.91,21,8,59.349999999999994
2026-02-16 09:00:00,53.84,92.93,132.01,86,9,6.930000000000007
2026-02-16 10:00:00,63.38,104.67,145.95,59,10,45.67
2026-02-16 11:00:00,61.98,104.64,147.3,47,11,57.64
2026-02-16 12:00:00,58.04,100.95,143.87,47,12,53.95
2026-02-16 13:00:00,64.06,107.52,150.98,61,13,46.519999999999996
2026-02-16 14:00:00,59.63,97.95,136.26,43,14,54.95
2026-02-16 15:00:00,52.26,87.69,123.12,40,15,47.69
2026-02-16 16:00:00,20.77,65.29,109.81,17,16,48.290000000000006
2026-02-16 17:00:00,7.79,36.57,65.35,7,17,29.57
2026-02-16 18:00:00,0.21,20.67,41.14,16,18,4.670000000000002
2026-02-16 19:00:00,2.09,20.25,38.4,10,19,10.25
2026-02-16 20:00:00,0.0,10.64,26.9,9,20,1.6400000000000006
2026-02-16 21:00:00,0.0,11.11,24.03,12,21,-0.8900000000000006
2026-02-16 22:00:00,3.34,15.4,27.47,17,22,-1.5999999999999996
2026-02-16 23:00:00,0.0,9.19,22.0,3,23,6.1899999999999995
2026-02-17 00:00:00,0.0,5.95,13.98,3,0,2.95
2026-02-17 03:00:00,0.0,1.38,5.92,1,3,0.3799999999999999
2026-02-17 05:00:00,0.0,1.76,6.07,2,5,-0.24
2026-02-17 06:00:00,0.24,5.48,10.71,2,6,3.4800000000000004
2026-02-17 07:00:00,15.56,35.75,55.94,24,7,11.75
2026-02-17 08:00:00,36.24,77.29,118.34,95,8,-17.709999999999994
2026-02-17 09:00:00,62.51,100.41,138.31,124,9,-23.590000000000003
2026-02-17 10:00:00,64.29,104.27,144.26,134,10,-29.730000000000004
2026-02-17 11:00:00,66.58,106.76,146.94,112,11,-5.239999999999995
2026-02-17 12:00:00,65.89,106.39,146.89,115,12,-8.61
2026-02-17 13:00:00,68.11,108.15,148.19,119,13,-10.849999999999994
2026-02-17 14:00:00,64.67,101.7,138.72,133,14,-31.299999999999997
2026-02-17 15:00:00,55.03,88.66,122.3,100,15,-11.340000000000003
2026-02-17 16:00:00,26.32,69.21,112.11,62,16,7.209999999999994
2026-02-17 17:00:00,14.65,41.75,68.85,55,17,-13.25
2026-02-17 18:00:00,7.12,27.61,48.1,22,18,5.609999999999999
2026-02-17 19:00:00,1.13,23.25,45.38,13,19,10.25
2026-02-17 20:00:00,0.0,11.1,28.65,6,20,5.1
2026-02-17 21:00:00,2.39,15.14,27.88,11,21,4.140000000000001
2026-02-17 22:00:00,2.26,14.71,27.17,3,22,11.71
2026-02-17 23:00:00,0.0,9.74,21.68,12,23,-2.26
2026-02-18 01:00:00,0.87,4.19,7.5,2,1,2.1900000000000004
2026-02-18 05:00:00,0.0,2.51,6.82,3,5,-0.4900000000000002
2026-02-18 06:00:00,0.19,5.27,10.34,5,6,0.2699999999999996
2026-02-18 07:00:00,19.04,38.47,57.91,30,7,8.469999999999999
2026-02-18 08:00:00,42.34,81.09,119.84,74,8,7.090000000000003
2026-02-18 09:00:00,58.79,97.75,136.72,116,9,-18.25
2026-02-18 10:00:00,69.66,107.69,145.72,113,10,-5.310000000000002
2026-02-18 11:00:00,65.73,102.98,140.22,136,11,-33.019999999999996
2026-02-18 12:00:00,62.52,101.35,140.18,100,12,1.3499999999999943
2026-02-18 13:00:00,69.57,107.94,146.32,114,13,-6.060000000000002
2026-02-18 14:00:00,63.63,98.34,133.06,142,14,-43.66
2026-02-18 15:00:00,54.83,87.58,120.32,84,15,3.5799999999999983
2026-02-18 16:00:00,21.07,62.1,103.13,47,16,15.100000000000001
2026-02-18 17:00:00,11.85,41.74,71.63,31,17,10.740000000000002
2026-02-18 18:00:00,0.92,20.91,40.9,14,18,6.91
2026-02-18 19:00:00,2.79,20.37,37.95,9,19,11.370000000000001
2026-02-18 20:00:00,0.0,10.82,26.38,8,20,2.8200000000000003
2026-02-18 21:00:00,2.94,14.94,26.94,6,21,8.94
2026-02-18 22:00:00,0.29,11.94,23.59,11,22,0.9399999999999995
2026-02-18 23:00:00,0.0,9.45,21.39,2,23,7.449999999999999
2026-02-19 00:00:00,0.0,3.52,10.49,1,0,2.52
2026-02-19 04:00:00,0.0,1.45,5.05,2,4,-0.55
2026-02-19 05:00:00,0.0,1.45,5.76,1,5,0.44999999999999996
2026-02-19 06:00:00,0.3,5.37,10.44,15,6,-9.629999999999999
2026-02-19 07:00:00,19.01,39.21,59.4,33,7,6.210000000000001
2026-02-19 08:00:00,37.63,75.24,112.85,67,8,8.239999999999995
2026-02-19 09:00:00,57.42,94.66,131.91,72,9,22.659999999999997
2026-02-19 10:00:00,64.16,103.41,142.66,115,10,-11.590000000000003
2026-02-19 11:00:00,67.24,104.69,142.14,117,11,-12.310000000000002
2026-02-19 12:00:00,63.7,101.61,139.52,152,12,-50.39
2026-02-19 13:00:00,68.4,106.82,145.25,153,13,-46.18000000000001
2026-02-19 14:00:00,66.53,101.61,136.69,111,14,-9.39
2026-02-19 15:00:00,55.24,87.98,120.73,113,15,-25.019999999999996
2026-02-19 16:00:00,21.15,62.37,103.59,56,16,6.369999999999997
2026-02-19 17:00:00,9.76,39.71,69.65,34,17,5.710000000000001
2026-02-19 18:00:00,0.0,18.79,38.73,44,18,-25.21
2026-02-19 19:00:00,3.86,20.54,37.22,14,19,6.539999999999999
2026-02-19 20:00:00,0.0,10.35,25.65,14,20,-3.6500000000000004
2026-02-19 21:00:00,1.57,13.73,25.89,19,21,-5.27
2026-02-19 22:00:00,0.0,10.65,22.47,14,22,-3.3499999999999996
2026-02-19 23:00:00,0.0,8.94,20.76,2,23,6.9399999999999995
2026-02-20 00:00:00,0.0,2.44,7.48,3,0,-0.56
2026-02-20 01:00:00,0.0,1.78,4.95,1,1,0.78
2026-02-20 03:00:00,0.0,3.65,8.19,2,3,1.65
2026-02-20 05:00:00,0.0,2.19,6.5,2,5,0.18999999999999995
2026-02-20 06:00:00,1.22,6.46,11.69,4,6,2.46
2026-02-20 07:00:00,13.7,31.53,49.37,39,7,-7.469999999999999
2026-02-20 08:00:00,38.22,76.2,114.18,84,8,-7.799999999999997
2026-02-20 09:00:00,57.96,97.14,136.32,109,9,-11.86
2026-02-20 10:00:00,63.04,105.13,147.23,113,10,-7.8700000000000045
2026-02-20 11:00:00,64.18,104.83,145.49,72,11,32.83
2026-02-20 12:00:00,60.42,101.68,142.95,126,12,-24.319999999999993
2026-02-20 13:00:00,63.79,105.07,146.36,112,13,-6.930000000000007
2026-02-20 14:00:00,60.78,98.75,136.73,104,14,-5.25
2026-02-20 15:00:00,51.65,84.59,117.53,103,15,-18.409999999999997
2026-02-20 16:00:00,23.03,55.51,87.99,34,16,21.509999999999998
2026-02-20 17:00:00,5.17,35.59,66.01,8,17,27.590000000000003
2026-02-20 18:00:00,0.0,17.71,37.54,14,18,3.710000000000001
2026-02-20 19:00:00,0.92,16.87,32.82,9,19,7.870000000000001
2026-02-20 20:00:00,0.0,8.67,22.48,11,20,-2.33
2026-02-20 21:00:00,1.97,12.27,22.58,18,21,-5.73
2026-02-20 22:00:00,0.0,10.97,23.12,6,22,4.970000000000001
2026-02-21 07:00:00,1.97,16.62,31.26,2,7,14.620000000000001
2026-02-21 08:00:00,0.0,31.19,67.68,8,8,23.19
2026-02-21 09:00:00,0.0,41.6,87.91,5,9,36.6
2026-02-21 10:00:00,0.0,40.21,81.02,2,10,38.21
2026-02-21 11:00:00,0.0,37.81,79.62,6,11,31.810000000000002
2026-02-21 13:00:00,0.0,32.25,69.0,13,13,19.25
2026-02-21 14:00:00,0.0,33.71,71.93,14,14,19.71
2026-02-21 15:00:00,0.0,22.88,56.32,15,15,7.879999999999999
2026-02-21 16:00:00,0.0,25.26,57.45,10,16,15.260000000000002
2026-02-21 17:00:00,0.0,10.3,30.58,5,17,5.300000000000001
2026-02-21 18:00:00,0.91,12.75,24.59,2,18,10.75
2026-02-21 19:00:00,0.0,11.37,23.83,5,19,6.369999999999999
2026-02-21 22:00:00,0.0,8.59,17.53,8,22,0.5899999999999999
